{
  "id": "95564122-b9ef-4dbe-b7ed-a891c5bd23d4",
  "prevId": "00000000-0000-0000-0000-000000000000",
  "version": "7",
  "dialect": "postgresql",
  "tables": {
    "public.active_game_sessions": {
      "name": "active_game_sessions",
      "schema": "",
      "columns": {
        "id": {
          "name": "id",
          "type": "serial",
          "primaryKey": true,
          "notNull": true
        },
        "user_id": {
          "name": "user_id",
          "type": "integer",
          "primaryKey": false,
          "notNull": true
        },
        "game_type": {
          "name": "game_type",
          "type": "text",
          "primaryKey": false,
          "notNull": true
        },
        "game_id": {
          "name": "game_id",
          "type": "text",
          "primaryKey": false,
          "notNull": true
        },
        "game_state": {
          "name": "game_state",
          "type": "jsonb",
          "primaryKey": false,
          "notNull": true
        },
        "created_at": {
          "name": "created_at",
          "type": "timestamp",
          "primaryKey": false,
          "notNull": false,
          "default": "now()"
        },
        "updated_at": {
          "name": "updated_at",
          "type": "timestamp",
          "primaryKey": false,
          "notNull": false,
          "default": "now()"
        }
      },
      "indexes": {},
      "foreignKeys": {
        "active_game_sessions_user_id_users_id_fk": {
          "name": "active_game_sessions_user_id_users_id_fk",
          "tableFrom": "active_game_sessions",
          "tableTo": "users",
          "columnsFrom": [
            "user_id"
          ],
          "columnsTo": [
            "id"
          ],
          "onDelete": "no action",
          "onUpdate": "no action"
        }
      },
      "compositePrimaryKeys": {},
      "uniqueConstraints": {
        "active_game_sessions_game_id_unique": {
          "name": "active_game_sessions_game_id_unique",
          "nullsNotDistinct": false,
          "columns": [
            "game_id"
          ]
        }
      },
      "policies": {},
      "checkConstraints": {},
      "isRLSEnabled": false
    },
    "public.admin_sessions": {
      "name": "admin_sessions",
      "schema": "",
      "columns": {
        "id": {
          "name": "id",
          "type": "serial",
          "primaryKey": true,
          "notNull": true
        },
        "session_id": {
          "name": "session_id",
          "type": "text",
          "primaryKey": false,
          "notNull": true
        },
        "username": {
          "name": "username",
          "type": "text",
          "primaryKey": false,
          "notNull": true
        },
        "created_at": {
          "name": "created_at",
          "type": "timestamp",
          "primaryKey": false,
          "notNull": false,
          "default": "now()"
        },
        "expires_at": {
          "name": "expires_at",
          "type": "timestamp",
          "primaryKey": false,
          "notNull": true
        }
      },
      "indexes": {},
      "foreignKeys": {},
      "compositePrimaryKeys": {},
      "uniqueConstraints": {
        "admin_sessions_session_id_unique": {
          "name": "admin_sessions_session_id_unique",
          "nullsNotDistinct": false,
          "columns": [
            "session_id"
          ]
        }
      },
      "policies": {},
      "checkConstraints": {},
      "isRLSEnabled": false
    },
    "public.affiliate_clicks": {
      "name": "affiliate_clicks",
      "schema": "",
      "columns": {
        "id": {
          "name": "id",
          "type": "serial",
          "primaryKey": true,
          "notNull": true
        },
        "affiliate_id": {
          "name": "affiliate_id",
          "type": "integer",
          "primaryKey": false,
          "notNull": false
        },
        "ip_address": {
          "name": "ip_address",
          "type": "varchar(45)",
          "primaryKey": false,
          "notNull": false
        },
        "user_agent": {
          "name": "user_agent",
          "type": "text",
          "primaryKey": false,
          "notNull": false
        },
        "referrer_url": {
          "name": "referrer_url",
          "type": "text",
          "primaryKey": false,
          "notNull": false
        },
        "clicked_at": {
          "name": "clicked_at",
          "type": "timestamp",
          "primaryKey": false,
          "notNull": false,
          "default": "now()"
        }
      },
      "indexes": {},
      "foreignKeys": {
        "affiliate_clicks_affiliate_id_affiliates_id_fk": {
          "name": "affiliate_clicks_affiliate_id_affiliates_id_fk",
          "tableFrom": "affiliate_clicks",
          "tableTo": "affiliates",
          "columnsFrom": [
            "affiliate_id"
          ],
          "columnsTo": [
            "id"
          ],
          "onDelete": "no action",
          "onUpdate": "no action"
        }
      },
      "compositePrimaryKeys": {},
      "uniqueConstraints": {},
      "policies": {},
      "checkConstraints": {},
      "isRLSEnabled": false
    },
    "public.affiliate_conversions": {
      "name": "affiliate_conversions",
      "schema": "",
      "columns": {
        "id": {
          "name": "id",
          "type": "serial",
          "primaryKey": true,
          "notNull": true
        },
        "affiliate_id": {
          "name": "affiliate_id",
          "type": "integer",
          "primaryKey": false,
          "notNull": false
        },
        "user_id": {
          "name": "user_id",
          "type": "integer",
          "primaryKey": false,
          "notNull": false
        },
        "type": {
          "name": "type",
          "type": "varchar(20)",
          "primaryKey": false,
          "notNull": true
        },
        "amount": {
          "name": "amount",
          "type": "numeric(10, 2)",
          "primaryKey": false,
          "notNull": false
        },
        "commission": {
          "name": "commission",
          "type": "numeric(10, 2)",
          "primaryKey": false,
          "notNull": false
        },
        "status": {
          "name": "status",
          "type": "varchar(20)",
          "primaryKey": false,
          "notNull": false,
          "default": "'pending'"
        },
        "created_at": {
          "name": "created_at",
          "type": "timestamp",
          "primaryKey": false,
          "notNull": false,
          "default": "now()"
        }
      },
      "indexes": {},
      "foreignKeys": {
        "affiliate_conversions_affiliate_id_affiliates_id_fk": {
          "name": "affiliate_conversions_affiliate_id_affiliates_id_fk",
          "tableFrom": "affiliate_conversions",
          "tableTo": "affiliates",
          "columnsFrom": [
            "affiliate_id"
          ],
          "columnsTo": [
            "id"
          ],
          "onDelete": "no action",
          "onUpdate": "no action"
        },
        "affiliate_conversions_user_id_users_id_fk": {
          "name": "affiliate_conversions_user_id_users_id_fk",
          "tableFrom": "affiliate_conversions",
          "tableTo": "users",
          "columnsFrom": [
            "user_id"
          ],
          "columnsTo": [
            "id"
          ],
          "onDelete": "no action",
          "onUpdate": "no action"
        }
      },
      "compositePrimaryKeys": {},
      "uniqueConstraints": {},
      "policies": {},
      "checkConstraints": {},
      "isRLSEnabled": false
    },
    "public.affiliate_payouts": {
      "name": "affiliate_payouts",
      "schema": "",
      "columns": {
        "id": {
          "name": "id",
          "type": "serial",
          "primaryKey": true,
          "notNull": true
        },
        "affiliate_id": {
          "name": "affiliate_id",
          "type": "integer",
          "primaryKey": false,
          "notNull": false
        },
        "amount": {
          "name": "amount",
          "type": "numeric(10, 2)",
          "primaryKey": false,
          "notNull": true
        },
        "pix_key": {
          "name": "pix_key",
          "type": "varchar(255)",
          "primaryKey": false,
          "notNull": false
        },
        "status": {
          "name": "status",
          "type": "varchar(20)",
          "primaryKey": false,
          "notNull": false,
          "default": "'pending'"
        },
        "requested_at": {
          "name": "requested_at",
          "type": "timestamp",
          "primaryKey": false,
          "notNull": false,
          "default": "now()"
        },
        "processed_at": {
          "name": "processed_at",
          "type": "timestamp",
          "primaryKey": false,
          "notNull": false
        },
        "notes": {
          "name": "notes",
          "type": "text",
          "primaryKey": false,
          "notNull": false
        }
      },
      "indexes": {},
      "foreignKeys": {
        "affiliate_payouts_affiliate_id_affiliates_id_fk": {
          "name": "affiliate_payouts_affiliate_id_affiliates_id_fk",
          "tableFrom": "affiliate_payouts",
          "tableTo": "affiliates",
          "columnsFrom": [
            "affiliate_id"
          ],
          "columnsTo": [
            "id"
          ],
          "onDelete": "no action",
          "onUpdate": "no action"
        }
      },
      "compositePrimaryKeys": {},
      "uniqueConstraints": {},
      "policies": {},
      "checkConstraints": {},
      "isRLSEnabled": false
    },
    "public.affiliates": {
      "name": "affiliates",
      "schema": "",
      "columns": {
        "id": {
          "name": "id",
          "type": "serial",
          "primaryKey": true,
          "notNull": true
        },
        "name": {
          "name": "name",
          "type": "varchar(255)",
          "primaryKey": false,
          "notNull": true
        },
        "email": {
          "name": "email",
          "type": "varchar(255)",
          "primaryKey": false,
          "notNull": true
        },
        "phone": {
          "name": "phone",
          "type": "varchar(20)",
          "primaryKey": false,
          "notNull": false
        },
        "password": {
          "name": "password",
          "type": "varchar(255)",
          "primaryKey": false,
          "notNull": true
        },
        "code": {
          "name": "code",
          "type": "varchar(50)",
          "primaryKey": false,
          "notNull": true
        },
        "pix_key": {
          "name": "pix_key",
          "type": "varchar(255)",
          "primaryKey": false,
          "notNull": false
        },
        "commission_rate": {
          "name": "commission_rate",
          "type": "numeric(5, 2)",
          "primaryKey": false,
          "notNull": false,
          "default": "'10.00'"
        },
        "total_earnings": {
          "name": "total_earnings",
          "type": "numeric(10, 2)",
          "primaryKey": false,
          "notNull": false,
          "default": "'0.00'"
        },
        "pending_earnings": {
          "name": "pending_earnings",
          "type": "numeric(10, 2)",
          "primaryKey": false,
          "notNull": false,
          "default": "'0.00'"
        },
        "paid_earnings": {
          "name": "paid_earnings",
          "type": "numeric(10, 2)",
          "primaryKey": false,
          "notNull": false,
          "default": "'0.00'"
        },
        "total_clicks": {
          "name": "total_clicks",
          "type": "integer",
          "primaryKey": false,
          "notNull": false,
          "default": 0
        },
        "total_registrations": {
          "name": "total_registrations",
          "type": "integer",
          "primaryKey": false,
          "notNull": false,
          "default": 0
        },
        "total_deposits": {
          "name": "total_deposits",
          "type": "integer",
          "primaryKey": false,
          "notNull": false,
          "default": 0
        },
        "created_at": {
          "name": "created_at",
          "type": "timestamp",
          "primaryKey": false,
          "notNull": false,
          "default": "now()"
        },
        "is_active": {
          "name": "is_active",
          "type": "boolean",
          "primaryKey": false,
          "notNull": false,
          "default": true
        },
        "is_approved": {
          "name": "is_approved",
          "type": "boolean",
          "primaryKey": false,
          "notNull": false,
          "default": true
        }
      },
      "indexes": {},
      "foreignKeys": {},
      "compositePrimaryKeys": {},
      "uniqueConstraints": {
        "affiliates_email_unique": {
          "name": "affiliates_email_unique",
          "nullsNotDistinct": false,
          "columns": [
            "email"
          ]
        },
        "affiliates_code_unique": {
          "name": "affiliates_code_unique",
          "nullsNotDistinct": false,
          "columns": [
            "code"
          ]
        }
      },
      "policies": {},
      "checkConstraints": {},
      "isRLSEnabled": false
    },
    "public.coupon_uses": {
      "name": "coupon_uses",
      "schema": "",
      "columns": {
        "id": {
          "name": "id",
          "type": "serial",
          "primaryKey": true,
          "notNull": true
        },
        "coupon_id": {
          "name": "coupon_id",
          "type": "integer",
          "primaryKey": false,
          "notNull": true
        },
        "user_id": {
          "name": "user_id",
          "type": "integer",
          "primaryKey": false,
          "notNull": true
        },
        "deposit_id": {
          "name": "deposit_id",
          "type": "integer",
          "primaryKey": false,
          "notNull": false
        },
        "used_at": {
          "name": "used_at",
          "type": "timestamp",
          "primaryKey": false,
          "notNull": false,
          "default": "now()"
        }
      },
      "indexes": {},
      "foreignKeys": {
        "coupon_uses_coupon_id_coupons_id_fk": {
          "name": "coupon_uses_coupon_id_coupons_id_fk",
          "tableFrom": "coupon_uses",
          "tableTo": "coupons",
          "columnsFrom": [
            "coupon_id"
          ],
          "columnsTo": [
            "id"
          ],
          "onDelete": "no action",
          "onUpdate": "no action"
        },
        "coupon_uses_user_id_users_id_fk": {
          "name": "coupon_uses_user_id_users_id_fk",
          "tableFrom": "coupon_uses",
          "tableTo": "users",
          "columnsFrom": [
            "user_id"
          ],
          "columnsTo": [
            "id"
          ],
          "onDelete": "no action",
          "onUpdate": "no action"
        },
        "coupon_uses_deposit_id_deposits_id_fk": {
          "name": "coupon_uses_deposit_id_deposits_id_fk",
          "tableFrom": "coupon_uses",
          "tableTo": "deposits",
          "columnsFrom": [
            "deposit_id"
          ],
          "columnsTo": [
            "id"
          ],
          "onDelete": "no action",
          "onUpdate": "no action"
        }
      },
      "compositePrimaryKeys": {},
      "uniqueConstraints": {},
      "policies": {},
      "checkConstraints": {},
      "isRLSEnabled": false
    },
    "public.coupons": {
      "name": "coupons",
      "schema": "",
      "columns": {
        "id": {
          "name": "id",
          "type": "serial",
          "primaryKey": true,
          "notNull": true
        },
        "code": {
          "name": "code",
          "type": "text",
          "primaryKey": false,
          "notNull": true
        },
        "description": {
          "name": "description",
          "type": "text",
          "primaryKey": false,
          "notNull": false
        },
        "bonus_type": {
          "name": "bonus_type",
          "type": "text",
          "primaryKey": false,
          "notNull": true,
          "default": "'scratchCards'"
        },
        "bonus_amount": {
          "name": "bonus_amount",
          "type": "numeric(10, 2)",
          "primaryKey": false,
          "notNull": false
        },
        "min_deposit": {
          "name": "min_deposit",
          "type": "numeric(10, 2)",
          "primaryKey": false,
          "notNull": true,
          "default": "'0'"
        },
        "usage_limit": {
          "name": "usage_limit",
          "type": "integer",
          "primaryKey": false,
          "notNull": false
        },
        "usage_count": {
          "name": "usage_count",
          "type": "integer",
          "primaryKey": false,
          "notNull": true,
          "default": 0
        },
        "per_user_limit": {
          "name": "per_user_limit",
          "type": "integer",
          "primaryKey": false,
          "notNull": true,
          "default": 1
        },
        "is_active": {
          "name": "is_active",
          "type": "boolean",
          "primaryKey": false,
          "notNull": true,
          "default": true
        },
        "expires_at": {
          "name": "expires_at",
          "type": "timestamp",
          "primaryKey": false,
          "notNull": false
        },
        "created_at": {
          "name": "created_at",
          "type": "timestamp",
          "primaryKey": false,
          "notNull": false,
          "default": "now()"
        },
        "updated_at": {
          "name": "updated_at",
          "type": "timestamp",
          "primaryKey": false,
          "notNull": false,
          "default": "now()"
        }
      },
      "indexes": {},
      "foreignKeys": {},
      "compositePrimaryKeys": {},
      "uniqueConstraints": {
        "coupons_code_unique": {
          "name": "coupons_code_unique",
          "nullsNotDistinct": false,
          "columns": [
            "code"
          ]
        }
      },
      "policies": {},
      "checkConstraints": {},
      "isRLSEnabled": false
    },
    "public.daily_spins": {
      "name": "daily_spins",
      "schema": "",
      "columns": {
        "id": {
          "name": "id",
          "type": "serial",
          "primaryKey": true,
          "notNull": true
        },
        "user_id": {
          "name": "user_id",
          "type": "integer",
          "primaryKey": false,
          "notNull": true
        },
        "amount": {
          "name": "amount",
          "type": "numeric(10, 2)",
          "primaryKey": false,
          "notNull": true
        },
        "prize_type": {
          "name": "prize_type",
          "type": "text",
          "primaryKey": false,
          "notNull": true,
          "default": "'money'"
        },
        "scratch_type": {
          "name": "scratch_type",
          "type": "text",
          "primaryKey": false,
          "notNull": false
        },
        "tier": {
          "name": "tier",
          "type": "text",
          "primaryKey": false,
          "notNull": false
        },
        "spin_date": {
          "name": "spin_date",
          "type": "date",
          "primaryKey": false,
          "notNull": true,
          "default": "now()"
        },
        "created_at": {
          "name": "created_at",
          "type": "timestamp",
          "primaryKey": false,
          "notNull": true,
          "default": "now()"
        }
      },
      "indexes": {},
      "foreignKeys": {
        "daily_spins_user_id_users_id_fk": {
          "name": "daily_spins_user_id_users_id_fk",
          "tableFrom": "daily_spins",
          "tableTo": "users",
          "columnsFrom": [
            "user_id"
          ],
          "columnsTo": [
            "id"
          ],
          "onDelete": "no action",
          "onUpdate": "no action"
        }
      },
      "compositePrimaryKeys": {},
      "uniqueConstraints": {},
      "policies": {},
      "checkConstraints": {},
      "isRLSEnabled": false
    },
    "public.deposits": {
      "name": "deposits",
      "schema": "",
      "columns": {
        "id": {
          "name": "id",
          "type": "serial",
          "primaryKey": true,
          "notNull": true
        },
        "user_id": {
          "name": "user_id",
          "type": "integer",
          "primaryKey": false,
          "notNull": true
        },
        "display_id": {
          "name": "display_id",
          "type": "integer",
          "primaryKey": false,
          "notNull": true
        },
        "transaction_id": {
          "name": "transaction_id",
          "type": "text",
          "primaryKey": false,
          "notNull": true
        },
        "amount": {
          "name": "amount",
          "type": "numeric(10, 2)",
          "primaryKey": false,
          "notNull": true
        },
        "status": {
          "name": "status",
          "type": "text",
          "primaryKey": false,
          "notNull": true,
          "default": "'pending'"
        },
        "pix_code": {
          "name": "pix_code",
          "type": "text",
          "primaryKey": false,
          "notNull": false
        },
        "created_at": {
          "name": "created_at",
          "type": "timestamp",
          "primaryKey": false,
          "notNull": false,
          "default": "now()"
        },
        "completed_at": {
          "name": "completed_at",
          "type": "timestamp",
          "primaryKey": false,
          "notNull": false
        }
      },
      "indexes": {},
      "foreignKeys": {
        "deposits_user_id_users_id_fk": {
          "name": "deposits_user_id_users_id_fk",
          "tableFrom": "deposits",
          "tableTo": "users",
          "columnsFrom": [
            "user_id"
          ],
          "columnsTo": [
            "id"
          ],
          "onDelete": "no action",
          "onUpdate": "no action"
        }
      },
      "compositePrimaryKeys": {},
      "uniqueConstraints": {
        "deposits_display_id_unique": {
          "name": "deposits_display_id_unique",
          "nullsNotDistinct": false,
          "columns": [
            "display_id"
          ]
        },
        "deposits_transaction_id_unique": {
          "name": "deposits_transaction_id_unique",
          "nullsNotDistinct": false,
          "columns": [
            "transaction_id"
          ]
        }
      },
      "policies": {},
      "checkConstraints": {},
      "isRLSEnabled": false
    },
    "public.game_premios": {
      "name": "game_premios",
      "schema": "",
      "columns": {
        "id": {
          "name": "id",
          "type": "serial",
          "primaryKey": true,
          "notNull": true
        },
        "user_id": {
          "name": "user_id",
          "type": "integer",
          "primaryKey": false,
          "notNull": true
        },
        "display_id": {
          "name": "display_id",
          "type": "integer",
          "primaryKey": false,
          "notNull": true
        },
        "game_type": {
          "name": "game_type",
          "type": "premio_type",
          "typeSchema": "public",
          "primaryKey": false,
          "notNull": true
        },
        "cost": {
          "name": "cost",
          "type": "numeric(10, 2)",
          "primaryKey": false,
          "notNull": true
        },
        "prize": {
          "name": "prize",
          "type": "numeric(10, 2)",
          "primaryKey": false,
          "notNull": false,
          "default": "'0.00'"
        },
        "result": {
          "name": "result",
          "type": "text",
          "primaryKey": false,
          "notNull": true
        },
        "won": {
          "name": "won",
          "type": "boolean",
          "primaryKey": false,
          "notNull": false,
          "default": false
        },
        "game_data": {
          "name": "game_data",
          "type": "text",
          "primaryKey": false,
          "notNull": false
        },
        "played_at": {
          "name": "played_at",
          "type": "timestamp",
          "primaryKey": false,
          "notNull": false,
          "default": "now()"
        }
      },
      "indexes": {},
      "foreignKeys": {
        "game_premios_user_id_users_id_fk": {
          "name": "game_premios_user_id_users_id_fk",
          "tableFrom": "game_premios",
          "tableTo": "users",
          "columnsFrom": [
            "user_id"
          ],
          "columnsTo": [
            "id"
          ],
          "onDelete": "no action",
          "onUpdate": "no action"
        }
      },
      "compositePrimaryKeys": {},
      "uniqueConstraints": {
        "game_premios_display_id_unique": {
          "name": "game_premios_display_id_unique",
          "nullsNotDistinct": false,
          "columns": [
            "display_id"
          ]
        }
      },
      "policies": {},
      "checkConstraints": {},
      "isRLSEnabled": false
    },
    "public.game_probabilities": {
      "name": "game_probabilities",
      "schema": "",
      "columns": {
        "id": {
          "name": "id",
          "type": "serial",
          "primaryKey": true,
          "notNull": true
        },
        "game_type": {
          "name": "game_type",
          "type": "text",
          "primaryKey": false,
          "notNull": true
        },
        "win_probability": {
          "name": "win_probability",
          "type": "numeric(5, 2)",
          "primaryKey": false,
          "notNull": true,
          "default": "'30.00'"
        },
        "force_win": {
          "name": "force_win",
          "type": "boolean",
          "primaryKey": false,
          "notNull": true,
          "default": false
        },
        "force_lose": {
          "name": "force_lose",
          "type": "boolean",
          "primaryKey": false,
          "notNull": true,
          "default": false
        },
        "enabled": {
          "name": "enabled",
          "type": "boolean",
          "primaryKey": false,
          "notNull": true,
          "default": true
        },
        "updated_at": {
          "name": "updated_at",
          "type": "timestamp",
          "primaryKey": false,
          "notNull": true,
          "default": "now()"
        },
        "updated_by": {
          "name": "updated_by",
          "type": "text",
          "primaryKey": false,
          "notNull": true,
          "default": "'admin'"
        }
      },
      "indexes": {},
      "foreignKeys": {},
      "compositePrimaryKeys": {},
      "uniqueConstraints": {
        "game_probabilities_game_type_unique": {
          "name": "game_probabilities_game_type_unique",
          "nullsNotDistinct": false,
          "columns": [
            "game_type"
          ]
        }
      },
      "policies": {},
      "checkConstraints": {},
      "isRLSEnabled": false
    },
    "public.games": {
      "name": "games",
      "schema": "",
      "columns": {
        "id": {
          "name": "id",
          "type": "serial",
          "primaryKey": true,
          "notNull": true
        },
        "user_id": {
          "name": "user_id",
          "type": "integer",
          "primaryKey": false,
          "notNull": true
        },
        "game_type": {
          "name": "game_type",
          "type": "game_type",
          "typeSchema": "public",
          "primaryKey": false,
          "notNull": true
        },
        "cost": {
          "name": "cost",
          "type": "numeric(10, 2)",
          "primaryKey": false,
          "notNull": true
        },
        "prize": {
          "name": "prize",
          "type": "numeric(10, 2)",
          "primaryKey": false,
          "notNull": false,
          "default": "'0.00'"
        },
        "result": {
          "name": "result",
          "type": "text",
          "primaryKey": false,
          "notNull": true
        },
        "won": {
          "name": "won",
          "type": "boolean",
          "primaryKey": false,
          "notNull": false,
          "default": false
        },
        "game_data": {
          "name": "game_data",
          "type": "text",
          "primaryKey": false,
          "notNull": false
        },
        "played_at": {
          "name": "played_at",
          "type": "timestamp",
          "primaryKey": false,
          "notNull": false,
          "default": "now()"
        }
      },
      "indexes": {},
      "foreignKeys": {
        "games_user_id_users_id_fk": {
          "name": "games_user_id_users_id_fk",
          "tableFrom": "games",
          "tableTo": "users",
          "columnsFrom": [
            "user_id"
          ],
          "columnsTo": [
            "id"
          ],
          "onDelete": "no action",
          "onUpdate": "no action"
        }
      },
      "compositePrimaryKeys": {},
      "uniqueConstraints": {},
      "policies": {},
      "checkConstraints": {},
      "isRLSEnabled": false
    },
    "public.level_rewards_claimed": {
      "name": "level_rewards_claimed",
      "schema": "",
      "columns": {
        "id": {
          "name": "id",
          "type": "serial",
          "primaryKey": true,
          "notNull": true
        },
        "user_id": {
          "name": "user_id",
          "type": "integer",
          "primaryKey": false,
          "notNull": true
        },
        "level": {
          "name": "level",
          "type": "integer",
          "primaryKey": false,
          "notNull": true
        },
        "reward": {
          "name": "reward",
          "type": "numeric(10, 2)",
          "primaryKey": false,
          "notNull": true
        },
        "claimed_at": {
          "name": "claimed_at",
          "type": "timestamp",
          "primaryKey": false,
          "notNull": false,
          "default": "now()"
        }
      },
      "indexes": {},
      "foreignKeys": {
        "level_rewards_claimed_user_id_users_id_fk": {
          "name": "level_rewards_claimed_user_id_users_id_fk",
          "tableFrom": "level_rewards_claimed",
          "tableTo": "users",
          "columnsFrom": [
            "user_id"
          ],
          "columnsTo": [
            "id"
          ],
          "onDelete": "no action",
          "onUpdate": "no action"
        }
      },
      "compositePrimaryKeys": {},
      "uniqueConstraints": {},
      "policies": {},
      "checkConstraints": {},
      "isRLSEnabled": false
    },
    "public.prize_probabilities": {
      "name": "prize_probabilities",
      "schema": "",
      "columns": {
        "id": {
          "name": "id",
          "type": "serial",
          "primaryKey": true,
          "notNull": true
        },
        "game_type": {
          "name": "game_type",
          "type": "text",
          "primaryKey": false,
          "notNull": true
        },
        "prize_value": {
          "name": "prize_value",
          "type": "text",
          "primaryKey": false,
          "notNull": true
        },
        "prize_name": {
          "name": "prize_name",
          "type": "text",
          "primaryKey": false,
          "notNull": false
        },
        "probability": {
          "name": "probability",
          "type": "numeric(10, 6)",
          "primaryKey": false,
          "notNull": true
        },
        "order": {
          "name": "order",
          "type": "integer",
          "primaryKey": false,
          "notNull": true,
          "default": 0
        },
        "updated_at": {
          "name": "updated_at",
          "type": "timestamp",
          "primaryKey": false,
          "notNull": true,
          "default": "now()"
        },
        "updated_by": {
          "name": "updated_by",
          "type": "text",
          "primaryKey": false,
          "notNull": true,
          "default": "'admin'"
        }
      },
      "indexes": {},
      "foreignKeys": {},
      "compositePrimaryKeys": {},
      "uniqueConstraints": {},
      "policies": {},
      "checkConstraints": {},
      "isRLSEnabled": false
    },
    "public.referral_earnings": {
      "name": "referral_earnings",
      "schema": "",
      "columns": {
        "id": {
          "name": "id",
          "type": "serial",
          "primaryKey": true,
          "notNull": true
        },
        "user_id": {
          "name": "user_id",
          "type": "integer",
          "primaryKey": false,
          "notNull": true
        },
        "referral_id": {
          "name": "referral_id",
          "type": "integer",
          "primaryKey": false,
          "notNull": true
        },
        "amount": {
          "name": "amount",
          "type": "numeric(10, 2)",
          "primaryKey": false,
          "notNull": true
        },
        "withdrawn": {
          "name": "withdrawn",
          "type": "boolean",
          "primaryKey": false,
          "notNull": false,
          "default": false
        },
        "withdrawn_at": {
          "name": "withdrawn_at",
          "type": "timestamp",
          "primaryKey": false,
          "notNull": false
        },
        "created_at": {
          "name": "created_at",
          "type": "timestamp",
          "primaryKey": false,
          "notNull": true,
          "default": "now()"
        }
      },
      "indexes": {},
      "foreignKeys": {
        "referral_earnings_user_id_users_id_fk": {
          "name": "referral_earnings_user_id_users_id_fk",
          "tableFrom": "referral_earnings",
          "tableTo": "users",
          "columnsFrom": [
            "user_id"
          ],
          "columnsTo": [
            "id"
          ],
          "onDelete": "no action",
          "onUpdate": "no action"
        },
        "referral_earnings_referral_id_referrals_id_fk": {
          "name": "referral_earnings_referral_id_referrals_id_fk",
          "tableFrom": "referral_earnings",
          "tableTo": "referrals",
          "columnsFrom": [
            "referral_id"
          ],
          "columnsTo": [
            "id"
          ],
          "onDelete": "no action",
          "onUpdate": "no action"
        }
      },
      "compositePrimaryKeys": {},
      "uniqueConstraints": {},
      "policies": {},
      "checkConstraints": {},
      "isRLSEnabled": false
    },
    "public.referrals": {
      "name": "referrals",
      "schema": "",
      "columns": {
        "id": {
          "name": "id",
          "type": "serial",
          "primaryKey": true,
          "notNull": true
        },
        "referrer_id": {
          "name": "referrer_id",
          "type": "integer",
          "primaryKey": false,
          "notNull": true
        },
        "referred_id": {
          "name": "referred_id",
          "type": "integer",
          "primaryKey": false,
          "notNull": true
        },
        "status": {
          "name": "status",
          "type": "text",
          "primaryKey": false,
          "notNull": true,
          "default": "'pending'"
        },
        "validated_at": {
          "name": "validated_at",
          "type": "timestamp",
          "primaryKey": false,
          "notNull": false
        },
        "created_at": {
          "name": "created_at",
          "type": "timestamp",
          "primaryKey": false,
          "notNull": true,
          "default": "now()"
        }
      },
      "indexes": {},
      "foreignKeys": {
        "referrals_referrer_id_users_id_fk": {
          "name": "referrals_referrer_id_users_id_fk",
          "tableFrom": "referrals",
          "tableTo": "users",
          "columnsFrom": [
            "referrer_id"
          ],
          "columnsTo": [
            "id"
          ],
          "onDelete": "no action",
          "onUpdate": "no action"
        },
        "referrals_referred_id_users_id_fk": {
          "name": "referrals_referred_id_users_id_fk",
          "tableFrom": "referrals",
          "tableTo": "users",
          "columnsFrom": [
            "referred_id"
          ],
          "columnsTo": [
            "id"
          ],
          "onDelete": "no action",
          "onUpdate": "no action"
        }
      },
      "compositePrimaryKeys": {},
      "uniqueConstraints": {},
      "policies": {},
      "checkConstraints": {},
      "isRLSEnabled": false
    },
    "public.site_accesses": {
      "name": "site_accesses",
      "schema": "",
      "columns": {
        "id": {
          "name": "id",
          "type": "serial",
          "primaryKey": true,
          "notNull": true
        },
        "user_id": {
          "name": "user_id",
          "type": "integer",
          "primaryKey": false,
          "notNull": false
        },
        "ip_address": {
          "name": "ip_address",
          "type": "text",
          "primaryKey": false,
          "notNull": true
        },
        "user_agent": {
          "name": "user_agent",
          "type": "text",
          "primaryKey": false,
          "notNull": true
        },
        "device_type": {
          "name": "device_type",
          "type": "text",
          "primaryKey": false,
          "notNull": true
        },
        "operating_system": {
          "name": "operating_system",
          "type": "text",
          "primaryKey": false,
          "notNull": true
        },
        "browser": {
          "name": "browser",
          "type": "text",
          "primaryKey": false,
          "notNull": false
        },
        "country": {
          "name": "country",
          "type": "text",
          "primaryKey": false,
          "notNull": false
        },
        "city": {
          "name": "city",
          "type": "text",
          "primaryKey": false,
          "notNull": false
        },
        "region": {
          "name": "region",
          "type": "text",
          "primaryKey": false,
          "notNull": false
        },
        "page_url": {
          "name": "page_url",
          "type": "text",
          "primaryKey": false,
          "notNull": true
        },
        "referrer": {
          "name": "referrer",
          "type": "text",
          "primaryKey": false,
          "notNull": false
        },
        "is_registered": {
          "name": "is_registered",
          "type": "boolean",
          "primaryKey": false,
          "notNull": true,
          "default": false
        },
        "created_at": {
          "name": "created_at",
          "type": "timestamp",
          "primaryKey": false,
          "notNull": false,
          "default": "now()"
        }
      },
      "indexes": {},
      "foreignKeys": {
        "site_accesses_user_id_users_id_fk": {
          "name": "site_accesses_user_id_users_id_fk",
          "tableFrom": "site_accesses",
          "tableTo": "users",
          "columnsFrom": [
            "user_id"
          ],
          "columnsTo": [
            "id"
          ],
          "onDelete": "no action",
          "onUpdate": "no action"
        }
      },
      "compositePrimaryKeys": {},
      "uniqueConstraints": {},
      "policies": {},
      "checkConstraints": {},
      "isRLSEnabled": false
    },
    "public.support_chats": {
      "name": "support_chats",
      "schema": "",
      "columns": {
        "id": {
          "name": "id",
          "type": "serial",
          "primaryKey": true,
          "notNull": true
        },
        "user_id": {
          "name": "user_id",
          "type": "integer",
          "primaryKey": false,
          "notNull": true
        },
        "status": {
          "name": "status",
          "type": "text",
          "primaryKey": false,
          "notNull": true,
          "default": "'active'"
        },
        "created_at": {
          "name": "created_at",
          "type": "timestamp",
          "primaryKey": false,
          "notNull": true,
          "default": "now()"
        },
        "closed_at": {
          "name": "closed_at",
          "type": "timestamp",
          "primaryKey": false,
          "notNull": false
        },
        "closed_by": {
          "name": "closed_by",
          "type": "text",
          "primaryKey": false,
          "notNull": false
        }
      },
      "indexes": {},
      "foreignKeys": {
        "support_chats_user_id_users_id_fk": {
          "name": "support_chats_user_id_users_id_fk",
          "tableFrom": "support_chats",
          "tableTo": "users",
          "columnsFrom": [
            "user_id"
          ],
          "columnsTo": [
            "id"
          ],
          "onDelete": "no action",
          "onUpdate": "no action"
        }
      },
      "compositePrimaryKeys": {},
      "uniqueConstraints": {},
      "policies": {},
      "checkConstraints": {},
      "isRLSEnabled": false
    },
    "public.support_messages": {
      "name": "support_messages",
      "schema": "",
      "columns": {
        "id": {
          "name": "id",
          "type": "serial",
          "primaryKey": true,
          "notNull": true
        },
        "chat_id": {
          "name": "chat_id",
          "type": "integer",
          "primaryKey": false,
          "notNull": true
        },
        "sender_id": {
          "name": "sender_id",
          "type": "integer",
          "primaryKey": false,
          "notNull": true
        },
        "sender_type": {
          "name": "sender_type",
          "type": "text",
          "primaryKey": false,
          "notNull": true
        },
        "message": {
          "name": "message",
          "type": "text",
          "primaryKey": false,
          "notNull": true
        },
        "created_at": {
          "name": "created_at",
          "type": "timestamp",
          "primaryKey": false,
          "notNull": true,
          "default": "now()"
        },
        "read_at": {
          "name": "read_at",
          "type": "timestamp",
          "primaryKey": false,
          "notNull": false
        }
      },
      "indexes": {},
      "foreignKeys": {
        "support_messages_chat_id_support_chats_id_fk": {
          "name": "support_messages_chat_id_support_chats_id_fk",
          "tableFrom": "support_messages",
          "tableTo": "support_chats",
          "columnsFrom": [
            "chat_id"
          ],
          "columnsTo": [
            "id"
          ],
          "onDelete": "no action",
          "onUpdate": "no action"
        },
        "support_messages_sender_id_users_id_fk": {
          "name": "support_messages_sender_id_users_id_fk",
          "tableFrom": "support_messages",
          "tableTo": "users",
          "columnsFrom": [
            "sender_id"
          ],
          "columnsTo": [
            "id"
          ],
          "onDelete": "no action",
          "onUpdate": "no action"
        }
      },
      "compositePrimaryKeys": {},
      "uniqueConstraints": {},
      "policies": {},
      "checkConstraints": {},
      "isRLSEnabled": false
    },
    "public.tier_rewards_claimed": {
      "name": "tier_rewards_claimed",
      "schema": "",
      "columns": {
        "id": {
          "name": "id",
          "type": "serial",
          "primaryKey": true,
          "notNull": true
        },
        "user_id": {
          "name": "user_id",
          "type": "integer",
          "primaryKey": false,
          "notNull": true
        },
        "tier": {
          "name": "tier",
          "type": "text",
          "primaryKey": false,
          "notNull": true
        },
        "level": {
          "name": "level",
          "type": "integer",
          "primaryKey": false,
          "notNull": true
        },
        "amount": {
          "name": "amount",
          "type": "integer",
          "primaryKey": false,
          "notNull": true
        },
        "claimed_at": {
          "name": "claimed_at",
          "type": "timestamp",
          "primaryKey": false,
          "notNull": true,
          "default": "now()"
        }
      },
      "indexes": {},
      "foreignKeys": {
        "tier_rewards_claimed_user_id_users_id_fk": {
          "name": "tier_rewards_claimed_user_id_users_id_fk",
          "tableFrom": "tier_rewards_claimed",
          "tableTo": "users",
          "columnsFrom": [
            "user_id"
          ],
          "columnsTo": [
            "id"
          ],
          "onDelete": "no action",
          "onUpdate": "no action"
        }
      },
      "compositePrimaryKeys": {},
      "uniqueConstraints": {},
      "policies": {},
      "checkConstraints": {},
      "isRLSEnabled": false
    },
    "public.users": {
      "name": "users",
      "schema": "",
      "columns": {
        "id": {
          "name": "id",
          "type": "serial",
          "primaryKey": true,
          "notNull": true
        },
        "name": {
          "name": "name",
          "type": "text",
          "primaryKey": false,
          "notNull": true
        },
        "email": {
          "name": "email",
          "type": "text",
          "primaryKey": false,
          "notNull": true
        },
        "phone": {
          "name": "phone",
          "type": "text",
          "primaryKey": false,
          "notNull": true
        },
        "password": {
          "name": "password",
          "type": "text",
          "primaryKey": false,
          "notNull": true
        },
        "cpf": {
          "name": "cpf",
          "type": "text",
          "primaryKey": false,
          "notNull": false
        },
        "is_adult": {
          "name": "is_adult",
          "type": "boolean",
          "primaryKey": false,
          "notNull": false
        },
        "referral_code": {
          "name": "referral_code",
          "type": "text",
          "primaryKey": false,
          "notNull": false
        },
        "referred_by": {
          "name": "referred_by",
          "type": "text",
          "primaryKey": false,
          "notNull": false
        },
        "utm_source": {
          "name": "utm_source",
          "type": "text",
          "primaryKey": false,
          "notNull": false
        },
        "utm_medium": {
          "name": "utm_medium",
          "type": "text",
          "primaryKey": false,
          "notNull": false
        },
        "utm_campaign": {
          "name": "utm_campaign",
          "type": "text",
          "primaryKey": false,
          "notNull": false
        },
        "utm_term": {
          "name": "utm_term",
          "type": "text",
          "primaryKey": false,
          "notNull": false
        },
        "utm_content": {
          "name": "utm_content",
          "type": "text",
          "primaryKey": false,
          "notNull": false
        },
        "utm_src": {
          "name": "utm_src",
          "type": "text",
          "primaryKey": false,
          "notNull": false
        },
        "landing_page": {
          "name": "landing_page",
          "type": "text",
          "primaryKey": false,
          "notNull": false
        },
        "coupon_applied": {
          "name": "coupon_applied",
          "type": "integer",
          "primaryKey": false,
          "notNull": false,
          "default": 0
        },
        "current_coupon": {
          "name": "current_coupon",
          "type": "text",
          "primaryKey": false,
          "notNull": false
        },
        "has_first_deposit": {
          "name": "has_first_deposit",
          "type": "boolean",
          "primaryKey": false,
          "notNull": false,
          "default": false
        },
        "created_at": {
          "name": "created_at",
          "type": "timestamp",
          "primaryKey": false,
          "notNull": false,
          "default": "now()"
        },
        "updated_at": {
          "name": "updated_at",
          "type": "timestamp",
          "primaryKey": false,
          "notNull": false,
          "default": "now()"
        }
      },
      "indexes": {},
      "foreignKeys": {},
      "compositePrimaryKeys": {},
      "uniqueConstraints": {
        "users_email_unique": {
          "name": "users_email_unique",
          "nullsNotDistinct": false,
          "columns": [
            "email"
          ]
        },
        "users_cpf_unique": {
          "name": "users_cpf_unique",
          "nullsNotDistinct": false,
          "columns": [
            "cpf"
          ]
        },
        "users_referral_code_unique": {
          "name": "users_referral_code_unique",
          "nullsNotDistinct": false,
          "columns": [
            "referral_code"
          ]
        }
      },
      "policies": {},
      "checkConstraints": {},
      "isRLSEnabled": false
    },
    "public.wallets": {
      "name": "wallets",
      "schema": "",
      "columns": {
        "id": {
          "name": "id",
          "type": "serial",
          "primaryKey": true,
          "notNull": true
        },
        "user_id": {
          "name": "user_id",
          "type": "integer",
          "primaryKey": false,
          "notNull": true
        },
        "balance": {
          "name": "balance",
          "type": "numeric(10, 2)",
          "primaryKey": false,
          "notNull": false,
          "default": "'0.00'"
        },
        "scratch_bonus": {
          "name": "scratch_bonus",
          "type": "integer",
          "primaryKey": false,
          "notNull": false,
          "default": 0
        },
        "total_wagered": {
          "name": "total_wagered",
          "type": "numeric(10, 2)",
          "primaryKey": false,
          "notNull": false,
          "default": "'0.00'"
        },
        "last_updated": {
          "name": "last_updated",
          "type": "timestamp",
          "primaryKey": false,
          "notNull": false,
          "default": "now()"
        }
      },
      "indexes": {},
      "foreignKeys": {
        "wallets_user_id_users_id_fk": {
          "name": "wallets_user_id_users_id_fk",
          "tableFrom": "wallets",
          "tableTo": "users",
          "columnsFrom": [
            "user_id"
          ],
          "columnsTo": [
            "id"
          ],
          "onDelete": "no action",
          "onUpdate": "no action"
        }
      },
      "compositePrimaryKeys": {},
      "uniqueConstraints": {},
      "policies": {},
      "checkConstraints": {},
      "isRLSEnabled": false
    },
    "public.withdrawals": {
      "name": "withdrawals",
      "schema": "",
      "columns": {
        "id": {
          "name": "id",
          "type": "serial",
          "primaryKey": true,
          "notNull": true
        },
        "user_id": {
          "name": "user_id",
          "type": "integer",
          "primaryKey": false,
          "notNull": true
        },
        "display_id": {
          "name": "display_id",
          "type": "integer",
          "primaryKey": false,
          "notNull": true
        },
        "amount": {
          "name": "amount",
          "type": "numeric(10, 2)",
          "primaryKey": false,
          "notNull": true
        },
        "pix_key": {
          "name": "pix_key",
          "type": "text",
          "primaryKey": false,
          "notNull": true
        },
        "pix_key_type": {
          "name": "pix_key_type",
          "type": "text",
          "primaryKey": false,
          "notNull": true
        },
        "status": {
          "name": "status",
          "type": "text",
          "primaryKey": false,
          "notNull": true,
          "default": "'pending'"
        },
        "requested_at": {
          "name": "requested_at",
          "type": "timestamp",
          "primaryKey": false,
          "notNull": false,
          "default": "now()"
        },
        "processed_at": {
          "name": "processed_at",
          "type": "timestamp",
          "primaryKey": false,
          "notNull": false
        }
      },
      "indexes": {},
      "foreignKeys": {
        "withdrawals_user_id_users_id_fk": {
          "name": "withdrawals_user_id_users_id_fk",
          "tableFrom": "withdrawals",
          "tableTo": "users",
          "columnsFrom": [
            "user_id"
          ],
          "columnsTo": [
            "id"
          ],
          "onDelete": "no action",
          "onUpdate": "no action"
        }
      },
      "compositePrimaryKeys": {},
      "uniqueConstraints": {
        "withdrawals_display_id_unique": {
          "name": "withdrawals_display_id_unique",
          "nullsNotDistinct": false,
          "columns": [
            "display_id"
          ]
        }
      },
      "policies": {},
      "checkConstraints": {},
      "isRLSEnabled": false
    }
  },
  "enums": {
    "public.game_type": {
      "name": "game_type",
      "schema": "public",
      "values": [
        "pix_na_conta",
        "sonho_consumo",
        "me_mimei",
        "super_premios",
        "premio_pix_conta"
      ]
    },
    "public.premio_type": {
      "name": "premio_type",
      "schema": "public",
      "values": [
        "pix",
        "me_mimei",
        "eletronicos",
        "super"
      ]
    }
  },
  "schemas": {},
  "sequences": {},
  "roles": {},
  "policies": {},
  "views": {},
  "_meta": {
    "columns": {},
    "schemas": {},
    "tables": {}
  }
}